{"id": "8JEL_config_0", "structure": {"resolution": null, "method": null, "deposited": null, "released": null, "revised": null, "num_chains": 3, "num_interfaces": null, "pH": null, "temperature": null}, "chains": [{"chain_id": 0, "chain_name": "H", "mol_type": 0, "cluster_id": -1, "msa_id": "8JEL_config_0_0", "num_residues": 119, "valid": true, "entity_id": 0}, {"chain_id": 1, "chain_name": "L", "mol_type": 0, "cluster_id": -1, "msa_id": "8JEL_config_0_1", "num_residues": 107, "valid": true, "entity_id": 1}, {"chain_id": 2, "chain_name": "A", "mol_type": 0, "cluster_id": -1, "msa_id": "8JEL_config_0_2", "num_residues": 109, "valid": true, "entity_id": 2}], "interfaces": [], "inference_options": {"pocket_constraints": [], "contact_constraints": []}, "templates": [], "md": null, "affinity": null}