nclash,fnat,fnonnat,tm-score,lddt,lrmsd,irmsdbb,irmsdsc,distance,theta,seqid,dockq,classification,clash_fraction,structure_name,structure_index
10,0.7414,0.2182,0.6077,0.8893,2.2573,1.0326,1.8729,0.4138,9.1339,50.0,0.7847,"low_id,medium",0.20833333333333334,8JEL,1
8,0.6724,0.1522,0.6128,0.8837,1.5238,0.9929,2.2406,0.7767,3.9089,50.0,0.7789,"low_id,high",0.16666666666666666,8JEL,2
9,0.6552,0.0952,0.6125,0.8848,2.1272,0.841,1.9367,1.0186,7.2702,50.0,0.7857,"low_id,high",0.1875,8JEL,4
17,0.0517,0.9444,0.4611,0.7816,25.322,14.464,14.9923,5.8361,144.7285,50.24,0.0545,"low_id,incorrect",0.3148148148148148,8J7E,3
15,0.1724,0.8462,0.4927,0.7981,14.7341,6.6202,7.3993,7.7997,61.1204,50.24,0.157,"low_id,incorrect",0.2777777777777778,8J7E,0
12,0.7759,0.0426,0.6163,0.9035,1.2242,0.6235,1.5856,0.2563,4.483,50.0,0.8694,"low_id,high",0.25,8JEL,0
13,0.6379,0.0513,0.6122,0.8901,2.0369,0.8511,1.8857,0.8284,7.3171,50.0,0.78,"low_id,high",0.2708333333333333,8JEL,3
5,0.6731,0.1667,0.6101,0.8971,2.145,1.1062,1.6463,0.9044,5.2882,51.39,0.7536,"low_id,medium",0.10638297872340426,8V52,1
4,0.0625,0.8889,0.3671,0.7904,58.0606,10.0257,10.781,45.8676,121.9387,50.0,0.0351,"low_id,incorrect",0.09523809523809523,8GH4,0
10,0.0,1.0,0.4494,0.8323,32.3749,14.0256,15.2361,14.1669,173.5086,51.39,0.0253,"low_id,incorrect",0.2127659574468085,8V52,2
15,0.069,0.9273,0.4646,0.781,25.5241,14.9099,15.5533,4.6223,151.0873,50.24,0.0596,"low_id,incorrect",0.2777777777777778,8J7E,2
12,0.0385,0.9649,0.4342,0.8666,40.0357,7.821,8.5562,31.3902,147.4805,51.39,0.039,"low_id,incorrect",0.2553191489361702,8V52,0
17,0.069,0.9273,0.4679,0.7842,25.1515,14.4802,15.0998,4.0481,146.7132,50.24,0.0607,"low_id,incorrect",0.3148148148148148,8J7E,4
11,0.0,0.9726,0.4539,0.8517,35.3629,17.0184,17.9228,16.1284,142.8326,51.39,0.0208,"low_id,incorrect",0.23404255319148937,8V52,4
28,0.0,1.0,0.445,0.8494,32.3559,13.6804,14.8892,15.2833,179.0838,51.39,0.0255,"low_id,incorrect",0.5957446808510638,8V52,3
6,0.1042,0.8333,0.373,0.795,61.1296,9.7055,10.5574,46.8517,130.9648,50.0,0.0488,"low_id,incorrect",0.14285714285714285,8GH4,2
8,0.0172,0.9756,0.4613,0.7848,23.3277,6.7079,7.6334,21.3949,41.4252,50.24,0.0607,"low_id,incorrect",0.14814814814814814,8J7E,1
15,0.0,1.0,0.3765,0.8372,54.6263,26.337,26.0449,10.0789,164.0335,50.47,0.009,"low_id,incorrect",0.39473684210526316,8CYH,2
2,0.0833,0.8571,0.3733,0.7951,59.2359,9.3529,10.3708,45.7313,126.0756,50.0,0.0429,"low_id,incorrect",0.047619047619047616,8GH4,3
8,0.8305,0.1695,0.6342,0.8788,4.2312,0.881,1.3962,2.5388,6.1558,50.93,0.7918,"low_id,high",0.1509433962264151,8BK2,4
18,0.0,0.8667,0.3847,0.8417,57.6417,24.0618,23.7762,30.7875,138.6447,50.47,0.0084,"low_id,incorrect",0.47368421052631576,8CYH,4
3,0.0,0.9211,0.4415,0.8261,46.628,12.2177,12.9356,31.8954,155.5754,50.24,0.0157,"low_id,incorrect",0.057692307692307696,8YX1,2
14,0.0,0.9455,0.4408,0.8246,43.1198,12.5259,13.2242,31.1393,149.9435,50.24,0.0172,"low_id,incorrect",0.2692307692307692,8YX1,1
19,0.0,1.0,0.3868,0.838,56.0679,28.7159,28.3715,20.947,146.1371,50.47,0.0084,"low_id,incorrect",0.5,8CYH,0
6,0.0,1.0,0.4422,0.8276,41.604,11.3744,12.2273,28.3204,150.779,50.24,0.0191,"low_id,incorrect",0.11538461538461539,8YX1,3
6,0.125,0.8,0.374,0.7963,60.5728,9.4562,10.4084,46.8839,121.0809,50.0,0.0563,"low_id,incorrect",0.14285714285714285,8GH4,4
11,0.0,1.0,0.4272,0.8249,63.535,13.992,14.415,44.4191,157.4987,50.24,0.0096,"low_id,incorrect",0.21153846153846154,8YX1,0
5,0.0,0.9167,0.4425,0.8215,48.1441,12.2263,12.9001,32.863,151.9798,50.24,0.015,"low_id,incorrect",0.09615384615384616,8YX1,4
7,0.8475,0.1935,0.6351,0.8769,4.1966,0.9053,1.4546,2.6465,6.0315,50.93,0.7948,"low_id,high",0.1320754716981132,8BK2,0
20,0.0,1.0,0.3813,0.8429,55.5303,28.6635,28.3221,7.8049,176.383,50.47,0.0085,"low_id,incorrect",0.5263157894736842,8CYH,3
2,0.0833,0.8621,0.3704,0.7952,61.3459,9.6941,10.5939,47.0905,127.9687,50.0,0.0419,"low_id,incorrect",0.047619047619047616,8GH4,1
8,0.7966,0.1607,0.6347,0.8809,4.4994,0.9215,1.3899,2.9891,6.4984,50.93,0.7679,"low_id,high",0.1509433962264151,8BK2,2
9,0.8475,0.1667,0.6362,0.8786,4.1794,0.9044,1.4277,2.6337,5.7977,50.93,0.7954,"low_id,high",0.16981132075471697,8BK2,3
22,0.0,1.0,0.3826,0.8418,55.2343,27.6154,27.3473,8.6167,177.2248,50.47,0.0087,"low_id,incorrect",0.5789473684210527,8CYH,1
7,0.7966,0.1455,0.6392,0.8771,3.593,0.9205,1.728,2.0375,4.3078,50.93,0.7905,"low_id,high",0.1320754716981132,8BK2,1
0,0.0,,0.2981,0.7701,52.7508,18.95,19.3906,46.9646,93.0498,51.16,0.0105,"low_id,incorrect",0.0,8TLM,0
0,0.0,,0.3344,0.774,38.9316,19.566,19.9891,37.4861,46.017,51.16,0.0171,"low_id,incorrect",0.0,8TLM,1
0,0.0,,0.3512,0.7718,38.9841,15.9358,16.1774,36.1047,49.2753,51.16,0.0181,"low_id,incorrect",0.0,8TLM,4
0,0.0,,0.3485,0.7697,37.6119,18.9951,19.8085,28.9863,143.63,51.16,0.0183,"low_id,incorrect",0.0,8TLM,2
0,0.0,0.3333,0.3122,0.7812,59.2904,16.0813,16.5235,51.2625,118.0881,51.16,0.0096,"low_id,incorrect",0.0,8TLM,3
10,0.0,1.0,0.3703,0.8579,35.3382,17.9496,18.9105,22.8784,106.9848,51.66,0.0205,"low_id,incorrect",0.2222222222222222,8RZ2,1
45,0.0,0.68,0.4257,0.8614,27.7914,17.089,17.3763,21.9585,49.277,51.66,0.0311,"low_id,incorrect",1.0,8RZ2,0
23,0.0,0.6522,0.4077,0.8624,28.494,16.9579,17.3111,24.2542,51.2309,51.66,0.0298,"low_id,incorrect",0.5111111111111111,8RZ2,3
8,0.0,1.0,0.3919,0.8614,31.0828,17.4643,17.9149,17.8895,73.4702,51.66,0.0256,"low_id,incorrect",0.17777777777777778,8RZ2,4
14,0.0,1.0,0.3965,0.849,30.222,17.1483,17.6528,17.889,68.3954,51.66,0.027,"low_id,incorrect",0.3111111111111111,8RZ2,2
12,0.0,1.0,0.4587,0.7945,48.8689,22.9343,23.5048,29.0078,122.1951,50.47,0.0112,"low_id,incorrect",0.19047619047619047,8T9Z,0
3,0.0,0.9756,0.4619,0.7945,54.2348,25.1981,25.4436,33.8104,117.6757,50.47,0.0092,"low_id,incorrect",0.047619047619047616,8T9Z,3
6,0.0,1.0,0.4614,0.8005,50.3424,24.0529,24.6153,28.8023,135.2416,50.47,0.0105,"low_id,incorrect",0.09523809523809523,8T9Z,1
10,0.0,0.9706,0.4599,0.7964,54.4561,25.161,25.3796,34.7272,117.8175,50.47,0.0091,"low_id,incorrect",0.15873015873015872,8T9Z,2
7,0.05,0.9333,0.4919,0.8035,35.01,11.1176,11.6859,20.1526,86.1379,50.47,0.0412,"low_id,incorrect",0.1111111111111111,8T9Z,4
